-- MySQL dump 10.13  Distrib 8.0.33, for Win64 (x86_64)
--
-- Host: localhost    Database: tsw
-- ------------------------------------------------------
-- Server version	8.0.33

/*!40101 SET @OLD_CHARACTER_SET_CLIENT=@@CHARACTER_SET_CLIENT */;
/*!40101 SET @OLD_CHARACTER_SET_RESULTS=@@CHARACTER_SET_RESULTS */;
/*!40101 SET @OLD_COLLATION_CONNECTION=@@COLLATION_CONNECTION */;
/*!50503 SET NAMES utf8 */;
/*!40103 SET @OLD_TIME_ZONE=@@TIME_ZONE */;
/*!40103 SET TIME_ZONE='+00:00' */;
/*!40014 SET @OLD_UNIQUE_CHECKS=@@UNIQUE_CHECKS, UNIQUE_CHECKS=0 */;
/*!40014 SET @OLD_FOREIGN_KEY_CHECKS=@@FOREIGN_KEY_CHECKS, FOREIGN_KEY_CHECKS=0 */;
/*!40101 SET @OLD_SQL_MODE=@@SQL_MODE, SQL_MODE='NO_AUTO_VALUE_ON_ZERO' */;
/*!40111 SET @OLD_SQL_NOTES=@@SQL_NOTES, SQL_NOTES=0 */;

--
-- Table structure for table `cinema`
--

DROP TABLE IF EXISTS `cinema`;
/*!40101 SET @saved_cs_client     = @@character_set_client */;
/*!50503 SET character_set_client = utf8mb4 */;
CREATE TABLE `cinema` (
  `CinemaID` int NOT NULL AUTO_INCREMENT,
  `CinemaName` varchar(255) NOT NULL,
  `Address` varchar(255) NOT NULL,
  PRIMARY KEY (`CinemaID`)
) ENGINE=InnoDB AUTO_INCREMENT=5 DEFAULT CHARSET=utf8mb4 COLLATE=utf8mb4_0900_ai_ci;
/*!40101 SET character_set_client = @saved_cs_client */;

--
-- Dumping data for table `cinema`
--

LOCK TABLES `cinema` WRITE;
/*!40000 ALTER TABLE `cinema` DISABLE KEYS */;
INSERT INTO `cinema` VALUES (1,'Lotte Cinema','1DN'),(2,'Metiz Cinema','2DN'),(3,'CGV Cinema','3DN'),(4,'Starlight Cinema','4DN');
/*!40000 ALTER TABLE `cinema` ENABLE KEYS */;
UNLOCK TABLES;

--
-- Table structure for table `movie`
--

DROP TABLE IF EXISTS `movie`;
/*!40101 SET @saved_cs_client     = @@character_set_client */;
/*!50503 SET character_set_client = utf8mb4 */;
CREATE TABLE `movie` (
  `MovieID` int NOT NULL AUTO_INCREMENT,
  `Title` varchar(255) NOT NULL,
  `Author` varchar(255) DEFAULT NULL,
  `Banner` varchar(255) DEFAULT NULL,
  PRIMARY KEY (`MovieID`)
) ENGINE=InnoDB AUTO_INCREMENT=3 DEFAULT CHARSET=utf8mb4 COLLATE=utf8mb4_0900_ai_ci;
/*!40101 SET character_set_client = @saved_cs_client */;

--
-- Dumping data for table `movie`
--

LOCK TABLES `movie` WRITE;
/*!40000 ALTER TABLE `movie` DISABLE KEYS */;
INSERT INTO `movie` VALUES (1,'Shin','Shin_Author','Shin_Banner.jpg'),(2,'Trừng Phạt','Trừng Phạt Author','Trung_phat.jpg');
/*!40000 ALTER TABLE `movie` ENABLE KEYS */;
UNLOCK TABLES;

--
-- Table structure for table `room`
--

DROP TABLE IF EXISTS `room`;
/*!40101 SET @saved_cs_client     = @@character_set_client */;
/*!50503 SET character_set_client = utf8mb4 */;
CREATE TABLE `room` (
  `RoomID` int NOT NULL AUTO_INCREMENT,
  `CinemaID` int DEFAULT NULL,
  `RoomName` varchar(255) NOT NULL,
  `Capacity` int DEFAULT '60',
  PRIMARY KEY (`RoomID`),
  KEY `CinemaID` (`CinemaID`),
  CONSTRAINT `room_ibfk_1` FOREIGN KEY (`CinemaID`) REFERENCES `cinema` (`CinemaID`)
) ENGINE=InnoDB AUTO_INCREMENT=21 DEFAULT CHARSET=utf8mb4 COLLATE=utf8mb4_0900_ai_ci;
/*!40101 SET character_set_client = @saved_cs_client */;

--
-- Dumping data for table `room`
--

LOCK TABLES `room` WRITE;
/*!40000 ALTER TABLE `room` DISABLE KEYS */;
INSERT INTO `room` VALUES (1,1,'Room 1',60),(2,1,'Room 2',60),(3,1,'Room 3',60),(4,1,'Room 4',60),(5,1,'Room 5',60),(6,3,'Room 1',60),(7,3,'Room 2',60),(8,3,'Room 3',60),(9,3,'Room 4',60),(10,3,'Room 5',60),(11,2,'Room 1',60),(12,2,'Room 2',60),(13,2,'Room 3',60),(14,2,'Room 4',60),(15,2,'Room 5',60),(16,4,'Room 1',60),(17,4,'Room 2',60),(18,4,'Room 3',60),(19,4,'Room 4',60),(20,4,'Room 5',60);
/*!40000 ALTER TABLE `room` ENABLE KEYS */;
UNLOCK TABLES;

--
-- Table structure for table `seat`
--

DROP TABLE IF EXISTS `seat`;
/*!40101 SET @saved_cs_client     = @@character_set_client */;
/*!50503 SET character_set_client = utf8mb4 */;
CREATE TABLE `seat` (
  `SeatID` int NOT NULL AUTO_INCREMENT,
  `RoomID` int DEFAULT NULL,
  `SeatNumber` int DEFAULT NULL,
  `IsBooked` tinyint(1) DEFAULT '0',
  PRIMARY KEY (`SeatID`),
  KEY `RoomID` (`RoomID`),
  CONSTRAINT `seat_ibfk_1` FOREIGN KEY (`RoomID`) REFERENCES `room` (`RoomID`)
) ENGINE=InnoDB AUTO_INCREMENT=4605 DEFAULT CHARSET=utf8mb4 COLLATE=utf8mb4_0900_ai_ci;
/*!40101 SET character_set_client = @saved_cs_client */;

--
-- Dumping data for table `seat`
--

LOCK TABLES `seat` WRITE;
/*!40000 ALTER TABLE `seat` DISABLE KEYS */;
INSERT INTO `seat` VALUES (1,5,1,0),(2,4,1,0),(3,3,1,0),(4,2,1,0),(5,1,1,0),(6,5,2,0),(7,4,2,0),(8,3,2,0),(9,2,2,0),(10,1,2,0),(11,5,3,0),(12,4,3,0),(13,3,3,0),(14,2,3,0),(15,1,3,0),(16,5,4,0),(17,4,4,0),(18,3,4,0),(19,2,4,0),(20,1,4,0),(21,5,5,0),(22,4,5,0),(23,3,5,0),(24,2,5,0),(25,1,5,0),(26,5,6,0),(27,4,6,0),(28,3,6,0),(29,2,6,0),(30,1,6,0),(31,5,7,0),(32,4,7,0),(33,3,7,0),(34,2,7,0),(35,1,7,0),(36,5,8,0),(37,4,8,0),(38,3,8,0),(39,2,8,0),(40,1,8,0),(41,5,9,0),(42,4,9,0),(43,3,9,0),(44,2,9,0),(45,1,9,0),(46,5,10,0),(47,4,10,0),(48,3,10,0),(49,2,10,0),(50,1,10,0),(51,5,11,0),(52,4,11,0),(53,3,11,0),(54,2,11,0),(55,1,11,0),(56,5,12,0),(57,4,12,0),(58,3,12,0),(59,2,12,0),(60,1,12,0),(61,5,13,0),(62,4,13,0),(63,3,13,0),(64,2,13,0),(65,1,13,0),(66,5,14,0),(67,4,14,0),(68,3,14,0),(69,2,14,0),(70,1,14,0),(71,5,15,0),(72,4,15,0),(73,3,15,0),(74,2,15,0),(75,1,15,0),(76,5,16,0),(77,4,16,0),(78,3,16,0),(79,2,16,0),(80,1,16,0),(81,5,17,0),(82,4,17,0),(83,3,17,0),(84,2,17,0),(85,1,17,0),(86,5,18,0),(87,4,18,0),(88,3,18,0),(89,2,18,0),(90,1,18,0),(91,5,19,0),(92,4,19,0),(93,3,19,0),(94,2,19,0),(95,1,19,0),(96,5,20,0),(97,4,20,0),(98,3,20,0),(99,2,20,0),(100,1,20,0),(101,5,21,0),(102,4,21,0),(103,3,21,0),(104,2,21,0),(105,1,21,0),(106,5,22,0),(107,4,22,0),(108,3,22,0),(109,2,22,0),(110,1,22,0),(111,5,23,0),(112,4,23,0),(113,3,23,0),(114,2,23,0),(115,1,23,0),(116,5,24,0),(117,4,24,0),(118,3,24,0),(119,2,24,0),(120,1,24,0),(121,5,25,0),(122,4,25,0),(123,3,25,0),(124,2,25,0),(125,1,25,0),(126,5,26,0),(127,4,26,0),(128,3,26,0),(129,2,26,0),(130,1,26,0),(131,5,27,0),(132,4,27,0),(133,3,27,0),(134,2,27,0),(135,1,27,0),(136,5,28,0),(137,4,28,0),(138,3,28,0),(139,2,28,0),(140,1,28,0),(141,5,29,0),(142,4,29,0),(143,3,29,0),(144,2,29,0),(145,1,29,0),(146,5,30,0),(147,4,30,0),(148,3,30,0),(149,2,30,0),(150,1,30,0),(151,5,31,0),(152,4,31,0),(153,3,31,0),(154,2,31,0),(155,1,31,0),(156,5,32,0),(157,4,32,0),(158,3,32,0),(159,2,32,0),(160,1,32,0),(161,5,33,0),(162,4,33,0),(163,3,33,0),(164,2,33,0),(165,1,33,0),(166,5,34,0),(167,4,34,0),(168,3,34,0),(169,2,34,0),(170,1,34,0),(171,5,35,0),(172,4,35,0),(173,3,35,0),(174,2,35,0),(175,1,35,0),(176,5,36,0),(177,4,36,0),(178,3,36,0),(179,2,36,0),(180,1,36,0),(181,5,37,0),(182,4,37,0),(183,3,37,0),(184,2,37,0),(185,1,37,0),(186,5,38,0),(187,4,38,0),(188,3,38,0),(189,2,38,0),(190,1,38,0),(191,5,39,0),(192,4,39,0),(193,3,39,0),(194,2,39,0),(195,1,39,0),(196,5,40,0),(197,4,40,0),(198,3,40,0),(199,2,40,0),(200,1,40,0),(201,5,41,0),(202,4,41,0),(203,3,41,0),(204,2,41,0),(205,1,41,0),(206,5,42,0),(207,4,42,0),(208,3,42,0),(209,2,42,0),(210,1,42,0),(211,5,43,0),(212,4,43,0),(213,3,43,0),(214,2,43,0),(215,1,43,0),(216,5,44,0),(217,4,44,0),(218,3,44,0),(219,2,44,0),(220,1,44,0),(221,5,45,0),(222,4,45,0),(223,3,45,0),(224,2,45,0),(225,1,45,0),(226,5,46,0),(227,4,46,0),(228,3,46,0),(229,2,46,0),(230,1,46,0),(231,5,47,0),(232,4,47,0),(233,3,47,0),(234,2,47,0),(235,1,47,0),(236,5,48,0),(237,4,48,0),(238,3,48,0),(239,2,48,0),(240,1,48,0),(241,5,49,0),(242,4,49,0),(243,3,49,0),(244,2,49,0),(245,1,49,0),(246,5,50,0),(247,4,50,0),(248,3,50,0),(249,2,50,0),(250,1,50,0),(251,5,51,0),(252,4,51,0),(253,3,51,0),(254,2,51,0),(255,1,51,0),(256,5,52,0),(257,4,52,0),(258,3,52,0),(259,2,52,0),(260,1,52,0),(261,5,53,0),(262,4,53,0),(263,3,53,0),(264,2,53,0),(265,1,53,0),(266,5,54,0),(267,4,54,0),(268,3,54,0),(269,2,54,0),(270,1,54,0),(271,5,55,0),(272,4,55,0),(273,3,55,0),(274,2,55,0),(275,1,55,0),(276,5,56,0),(277,4,56,0),(278,3,56,0),(279,2,56,0),(280,1,56,0),(281,5,57,0),(282,4,57,0),(283,3,57,0),(284,2,57,0),(285,1,57,0),(286,5,58,0),(287,4,58,0),(288,3,58,0),(289,2,58,0),(290,1,58,0),(291,5,59,0),(292,4,59,0),(293,3,59,0),(294,2,59,0),(295,1,59,0),(296,5,60,0),(297,4,60,0),(298,3,60,0),(299,2,60,0),(300,1,60,0),(512,10,1,0),(513,9,1,0),(514,8,1,0),(515,7,1,0),(516,6,1,0),(517,5,1,0),(518,4,1,0),(519,3,1,0),(520,2,1,0),(521,1,1,0),(522,10,2,0),(523,9,2,0),(524,8,2,0),(525,7,2,0),(526,6,2,0),(527,5,2,0),(528,4,2,0),(529,3,2,0),(530,2,2,0),(531,1,2,0),(532,10,3,0),(533,9,3,0),(534,8,3,0),(535,7,3,0),(536,6,3,0),(537,5,3,0),(538,4,3,0),(539,3,3,0),(540,2,3,0),(541,1,3,0),(542,10,4,0),(543,9,4,0),(544,8,4,0),(545,7,4,0),(546,6,4,0),(547,5,4,0),(548,4,4,0),(549,3,4,0),(550,2,4,0),(551,1,4,0),(552,10,5,0),(553,9,5,0),(554,8,5,0),(555,7,5,0),(556,6,5,0),(557,5,5,0),(558,4,5,0),(559,3,5,0),(560,2,5,0),(561,1,5,0),(562,10,6,0),(563,9,6,0),(564,8,6,0),(565,7,6,0),(566,6,6,0),(567,5,6,0),(568,4,6,0),(569,3,6,0),(570,2,6,0),(571,1,6,0),(572,10,7,0),(573,9,7,0),(574,8,7,0),(575,7,7,0),(576,6,7,0),(577,5,7,0),(578,4,7,0),(579,3,7,0),(580,2,7,0),(581,1,7,0),(582,10,8,0),(583,9,8,0),(584,8,8,0),(585,7,8,0),(586,6,8,0),(587,5,8,0),(588,4,8,0),(589,3,8,0),(590,2,8,0),(591,1,8,0),(592,10,9,0),(593,9,9,0),(594,8,9,0),(595,7,9,0),(596,6,9,0),(597,5,9,0),(598,4,9,0),(599,3,9,0),(600,2,9,0),(601,1,9,0),(602,10,10,0),(603,9,10,0),(604,8,10,0),(605,7,10,0),(606,6,10,0),(607,5,10,0),(608,4,10,0),(609,3,10,0),(610,2,10,0),(611,1,10,0),(612,10,11,0),(613,9,11,0),(614,8,11,0),(615,7,11,0),(616,6,11,0),(617,5,11,0),(618,4,11,0),(619,3,11,0),(620,2,11,0),(621,1,11,0),(622,10,12,0),(623,9,12,0),(624,8,12,0),(625,7,12,0),(626,6,12,0),(627,5,12,0),(628,4,12,0),(629,3,12,0),(630,2,12,0),(631,1,12,0),(632,10,13,0),(633,9,13,0),(634,8,13,0),(635,7,13,0),(636,6,13,0),(637,5,13,0),(638,4,13,0),(639,3,13,0),(640,2,13,0),(641,1,13,0),(642,10,14,0),(643,9,14,0),(644,8,14,0),(645,7,14,0),(646,6,14,0),(647,5,14,0),(648,4,14,0),(649,3,14,0),(650,2,14,0),(651,1,14,0),(652,10,15,0),(653,9,15,0),(654,8,15,0),(655,7,15,0),(656,6,15,0),(657,5,15,0),(658,4,15,0),(659,3,15,0),(660,2,15,0),(661,1,15,0),(662,10,16,0),(663,9,16,0),(664,8,16,0),(665,7,16,0),(666,6,16,0),(667,5,16,0),(668,4,16,0),(669,3,16,0),(670,2,16,0),(671,1,16,0),(672,10,17,0),(673,9,17,0),(674,8,17,0),(675,7,17,0),(676,6,17,0),(677,5,17,0),(678,4,17,0),(679,3,17,0),(680,2,17,0),(681,1,17,0),(682,10,18,0),(683,9,18,0),(684,8,18,0),(685,7,18,0),(686,6,18,0),(687,5,18,0),(688,4,18,0),(689,3,18,0),(690,2,18,0),(691,1,18,0),(692,10,19,0),(693,9,19,0),(694,8,19,0),(695,7,19,0),(696,6,19,0),(697,5,19,0),(698,4,19,0),(699,3,19,0),(700,2,19,0),(701,1,19,0),(702,10,20,0),(703,9,20,0),(704,8,20,0),(705,7,20,0),(706,6,20,0),(707,5,20,0),(708,4,20,0),(709,3,20,0),(710,2,20,0),(711,1,20,0),(712,10,21,0),(713,9,21,0),(714,8,21,0),(715,7,21,0),(716,6,21,0),(717,5,21,0),(718,4,21,0),(719,3,21,0),(720,2,21,0),(721,1,21,0),(722,10,22,0),(723,9,22,0),(724,8,22,0),(725,7,22,0),(726,6,22,0),(727,5,22,0),(728,4,22,0),(729,3,22,0),(730,2,22,0),(731,1,22,0),(732,10,23,0),(733,9,23,0),(734,8,23,0),(735,7,23,0),(736,6,23,0),(737,5,23,0),(738,4,23,0),(739,3,23,0),(740,2,23,0),(741,1,23,0),(742,10,24,0),(743,9,24,0),(744,8,24,0),(745,7,24,0),(746,6,24,0),(747,5,24,0),(748,4,24,0),(749,3,24,0),(750,2,24,0),(751,1,24,0),(752,10,25,0),(753,9,25,0),(754,8,25,0),(755,7,25,0),(756,6,25,0),(757,5,25,0),(758,4,25,0),(759,3,25,0),(760,2,25,0),(761,1,25,0),(762,10,26,0),(763,9,26,0),(764,8,26,0),(765,7,26,0),(766,6,26,0),(767,5,26,0),(768,4,26,0),(769,3,26,0),(770,2,26,0),(771,1,26,0),(772,10,27,0),(773,9,27,0),(774,8,27,0),(775,7,27,0),(776,6,27,0),(777,5,27,0),(778,4,27,0),(779,3,27,0),(780,2,27,0),(781,1,27,0),(782,10,28,0),(783,9,28,0),(784,8,28,0),(785,7,28,0),(786,6,28,0),(787,5,28,0),(788,4,28,0),(789,3,28,0),(790,2,28,0),(791,1,28,0),(792,10,29,0),(793,9,29,0),(794,8,29,0),(795,7,29,0),(796,6,29,0),(797,5,29,0),(798,4,29,0),(799,3,29,0),(800,2,29,0),(801,1,29,0),(802,10,30,0),(803,9,30,0),(804,8,30,0),(805,7,30,0),(806,6,30,0),(807,5,30,0),(808,4,30,0),(809,3,30,0),(810,2,30,0),(811,1,30,0),(812,10,31,0),(813,9,31,0),(814,8,31,0),(815,7,31,0),(816,6,31,0),(817,5,31,0),(818,4,31,0),(819,3,31,0),(820,2,31,0),(821,1,31,0),(822,10,32,0),(823,9,32,0),(824,8,32,0),(825,7,32,0),(826,6,32,0),(827,5,32,0),(828,4,32,0),(829,3,32,0),(830,2,32,0),(831,1,32,0),(832,10,33,0),(833,9,33,0),(834,8,33,0),(835,7,33,0),(836,6,33,0),(837,5,33,0),(838,4,33,0),(839,3,33,0),(840,2,33,0),(841,1,33,0),(842,10,34,0),(843,9,34,0),(844,8,34,0),(845,7,34,0),(846,6,34,0),(847,5,34,0),(848,4,34,0),(849,3,34,0),(850,2,34,0),(851,1,34,0),(852,10,35,0),(853,9,35,0),(854,8,35,0),(855,7,35,0),(856,6,35,0),(857,5,35,0),(858,4,35,0),(859,3,35,0),(860,2,35,0),(861,1,35,0),(862,10,36,0),(863,9,36,0),(864,8,36,0),(865,7,36,0),(866,6,36,0),(867,5,36,0),(868,4,36,0),(869,3,36,0),(870,2,36,0),(871,1,36,0),(872,10,37,0),(873,9,37,0),(874,8,37,0),(875,7,37,0),(876,6,37,0),(877,5,37,0),(878,4,37,0),(879,3,37,0),(880,2,37,0),(881,1,37,0),(882,10,38,0),(883,9,38,0),(884,8,38,0),(885,7,38,0),(886,6,38,0),(887,5,38,0),(888,4,38,0),(889,3,38,0),(890,2,38,0),(891,1,38,0),(892,10,39,0),(893,9,39,0),(894,8,39,0),(895,7,39,0),(896,6,39,0),(897,5,39,0),(898,4,39,0),(899,3,39,0),(900,2,39,0),(901,1,39,0),(902,10,40,0),(903,9,40,0),(904,8,40,0),(905,7,40,0),(906,6,40,0),(907,5,40,0),(908,4,40,0),(909,3,40,0),(910,2,40,0),(911,1,40,0),(912,10,41,0),(913,9,41,0),(914,8,41,0),(915,7,41,0),(916,6,41,0),(917,5,41,0),(918,4,41,0),(919,3,41,0),(920,2,41,0),(921,1,41,0),(922,10,42,0),(923,9,42,0),(924,8,42,0),(925,7,42,0),(926,6,42,0),(927,5,42,0),(928,4,42,0),(929,3,42,0),(930,2,42,0),(931,1,42,0),(932,10,43,0),(933,9,43,0),(934,8,43,0),(935,7,43,0),(936,6,43,0),(937,5,43,0),(938,4,43,0),(939,3,43,0),(940,2,43,0),(941,1,43,0),(942,10,44,0),(943,9,44,0),(944,8,44,0),(945,7,44,0),(946,6,44,0),(947,5,44,0),(948,4,44,0),(949,3,44,0),(950,2,44,0),(951,1,44,0),(952,10,45,0),(953,9,45,0),(954,8,45,0),(955,7,45,0),(956,6,45,0),(957,5,45,0),(958,4,45,0),(959,3,45,0),(960,2,45,0),(961,1,45,0),(962,10,46,0),(963,9,46,0),(964,8,46,0),(965,7,46,0),(966,6,46,0),(967,5,46,0),(968,4,46,0),(969,3,46,0),(970,2,46,0),(971,1,46,0),(972,10,47,0),(973,9,47,0),(974,8,47,0),(975,7,47,0),(976,6,47,0),(977,5,47,0),(978,4,47,0),(979,3,47,0),(980,2,47,0),(981,1,47,0),(982,10,48,0),(983,9,48,0),(984,8,48,0),(985,7,48,0),(986,6,48,0),(987,5,48,0),(988,4,48,0),(989,3,48,0),(990,2,48,0),(991,1,48,0),(992,10,49,0),(993,9,49,0),(994,8,49,0),(995,7,49,0),(996,6,49,0),(997,5,49,0),(998,4,49,0),(999,3,49,0),(1000,2,49,0),(1001,1,49,0),(1002,10,50,0),(1003,9,50,0),(1004,8,50,0),(1005,7,50,0),(1006,6,50,0),(1007,5,50,0),(1008,4,50,0),(1009,3,50,0),(1010,2,50,0),(1011,1,50,0),(1012,10,51,0),(1013,9,51,0),(1014,8,51,0),(1015,7,51,0),(1016,6,51,0),(1017,5,51,0),(1018,4,51,0),(1019,3,51,0),(1020,2,51,0),(1021,1,51,0),(1022,10,52,0),(1023,9,52,0),(1024,8,52,0),(1025,7,52,0),(1026,6,52,0),(1027,5,52,0),(1028,4,52,0),(1029,3,52,0),(1030,2,52,0),(1031,1,52,0),(1032,10,53,0),(1033,9,53,0),(1034,8,53,0),(1035,7,53,0),(1036,6,53,0),(1037,5,53,0),(1038,4,53,0),(1039,3,53,0),(1040,2,53,0),(1041,1,53,0),(1042,10,54,0),(1043,9,54,0),(1044,8,54,0),(1045,7,54,0),(1046,6,54,0),(1047,5,54,0),(1048,4,54,0),(1049,3,54,0),(1050,2,54,0),(1051,1,54,0),(1052,10,55,0),(1053,9,55,0),(1054,8,55,0),(1055,7,55,0),(1056,6,55,0),(1057,5,55,0),(1058,4,55,0),(1059,3,55,0),(1060,2,55,0),(1061,1,55,0),(1062,10,56,0),(1063,9,56,0),(1064,8,56,0),(1065,7,56,0),(1066,6,56,0),(1067,5,56,0),(1068,4,56,0),(1069,3,56,0),(1070,2,56,0),(1071,1,56,0),(1072,10,57,0),(1073,9,57,0),(1074,8,57,0),(1075,7,57,0),(1076,6,57,0),(1077,5,57,0),(1078,4,57,0),(1079,3,57,0),(1080,2,57,0),(1081,1,57,0),(1082,10,58,0),(1083,9,58,0),(1084,8,58,0),(1085,7,58,0),(1086,6,58,0),(1087,5,58,0),(1088,4,58,0),(1089,3,58,0),(1090,2,58,0),(1091,1,58,0),(1092,10,59,0),(1093,9,59,0),(1094,8,59,0),(1095,7,59,0),(1096,6,59,0),(1097,5,59,0),(1098,4,59,0),(1099,3,59,0),(1100,2,59,0),(1101,1,59,0),(1102,10,60,0),(1103,9,60,0),(1104,8,60,0),(1105,7,60,0),(1106,6,60,0),(1107,5,60,0),(1108,4,60,0),(1109,3,60,0),(1110,2,60,0),(1111,1,60,0),(1535,10,1,0),(1536,9,1,0),(1537,8,1,0),(1538,7,1,0),(1539,6,1,0),(1540,15,1,0),(1541,14,1,0),(1542,13,1,0),(1543,12,1,0),(1544,11,1,0),(1545,5,1,0),(1546,4,1,0),(1547,3,1,0),(1548,2,1,0),(1549,1,1,0),(1550,10,2,0),(1551,9,2,0),(1552,8,2,0),(1553,7,2,0),(1554,6,2,0),(1555,15,2,0),(1556,14,2,0),(1557,13,2,0),(1558,12,2,0),(1559,11,2,0),(1560,5,2,0),(1561,4,2,0),(1562,3,2,0),(1563,2,2,0),(1564,1,2,0),(1565,10,3,0),(1566,9,3,0),(1567,8,3,0),(1568,7,3,0),(1569,6,3,0),(1570,15,3,0),(1571,14,3,0),(1572,13,3,0),(1573,12,3,0),(1574,11,3,0),(1575,5,3,0),(1576,4,3,0),(1577,3,3,0),(1578,2,3,0),(1579,1,3,0),(1580,10,4,0),(1581,9,4,0),(1582,8,4,0),(1583,7,4,0),(1584,6,4,0),(1585,15,4,0),(1586,14,4,0),(1587,13,4,0),(1588,12,4,0),(1589,11,4,0),(1590,5,4,0),(1591,4,4,0),(1592,3,4,0),(1593,2,4,0),(1594,1,4,0),(1595,10,5,0),(1596,9,5,0),(1597,8,5,0),(1598,7,5,0),(1599,6,5,0),(1600,15,5,0),(1601,14,5,0),(1602,13,5,0),(1603,12,5,0),(1604,11,5,0),(1605,5,5,0),(1606,4,5,0),(1607,3,5,0),(1608,2,5,0),(1609,1,5,0),(1610,10,6,0),(1611,9,6,0),(1612,8,6,0),(1613,7,6,0),(1614,6,6,0),(1615,15,6,0),(1616,14,6,0),(1617,13,6,0),(1618,12,6,0),(1619,11,6,0),(1620,5,6,0),(1621,4,6,0),(1622,3,6,0),(1623,2,6,0),(1624,1,6,0),(1625,10,7,0),(1626,9,7,0),(1627,8,7,0),(1628,7,7,0),(1629,6,7,0),(1630,15,7,0),(1631,14,7,0),(1632,13,7,0),(1633,12,7,0),(1634,11,7,0),(1635,5,7,0),(1636,4,7,0),(1637,3,7,0),(1638,2,7,0),(1639,1,7,0),(1640,10,8,0),(1641,9,8,0),(1642,8,8,0),(1643,7,8,0),(1644,6,8,0),(1645,15,8,0),(1646,14,8,0),(1647,13,8,0),(1648,12,8,0),(1649,11,8,0),(1650,5,8,0),(1651,4,8,0),(1652,3,8,0),(1653,2,8,0),(1654,1,8,0),(1655,10,9,0),(1656,9,9,0),(1657,8,9,0),(1658,7,9,0),(1659,6,9,0),(1660,15,9,0),(1661,14,9,0),(1662,13,9,0),(1663,12,9,0),(1664,11,9,0),(1665,5,9,0),(1666,4,9,0),(1667,3,9,0),(1668,2,9,0),(1669,1,9,0),(1670,10,10,0),(1671,9,10,0),(1672,8,10,0),(1673,7,10,0),(1674,6,10,0),(1675,15,10,0),(1676,14,10,0),(1677,13,10,0),(1678,12,10,0),(1679,11,10,0),(1680,5,10,0),(1681,4,10,0),(1682,3,10,0),(1683,2,10,0),(1684,1,10,0),(1685,10,11,0),(1686,9,11,0),(1687,8,11,0),(1688,7,11,0),(1689,6,11,0),(1690,15,11,0),(1691,14,11,0),(1692,13,11,0),(1693,12,11,0),(1694,11,11,0),(1695,5,11,0),(1696,4,11,0),(1697,3,11,0),(1698,2,11,0),(1699,1,11,0),(1700,10,12,0),(1701,9,12,0),(1702,8,12,0),(1703,7,12,0),(1704,6,12,0),(1705,15,12,0),(1706,14,12,0),(1707,13,12,0),(1708,12,12,0),(1709,11,12,0),(1710,5,12,0),(1711,4,12,0),(1712,3,12,0),(1713,2,12,0),(1714,1,12,0),(1715,10,13,0),(1716,9,13,0),(1717,8,13,0),(1718,7,13,0),(1719,6,13,0),(1720,15,13,0),(1721,14,13,0),(1722,13,13,0),(1723,12,13,0),(1724,11,13,0),(1725,5,13,0),(1726,4,13,0),(1727,3,13,0),(1728,2,13,0),(1729,1,13,0),(1730,10,14,0),(1731,9,14,0),(1732,8,14,0),(1733,7,14,0),(1734,6,14,0),(1735,15,14,0),(1736,14,14,0),(1737,13,14,0),(1738,12,14,0),(1739,11,14,0),(1740,5,14,0),(1741,4,14,0),(1742,3,14,0),(1743,2,14,0),(1744,1,14,0),(1745,10,15,0),(1746,9,15,0),(1747,8,15,0),(1748,7,15,0),(1749,6,15,0),(1750,15,15,0),(1751,14,15,0),(1752,13,15,0),(1753,12,15,0),(1754,11,15,0),(1755,5,15,0),(1756,4,15,0),(1757,3,15,0),(1758,2,15,0),(1759,1,15,0),(1760,10,16,0),(1761,9,16,0),(1762,8,16,0),(1763,7,16,0),(1764,6,16,0),(1765,15,16,0),(1766,14,16,0),(1767,13,16,0),(1768,12,16,0),(1769,11,16,0),(1770,5,16,0),(1771,4,16,0),(1772,3,16,0),(1773,2,16,0),(1774,1,16,0),(1775,10,17,0),(1776,9,17,0),(1777,8,17,0),(1778,7,17,0),(1779,6,17,0),(1780,15,17,0),(1781,14,17,0),(1782,13,17,0),(1783,12,17,0),(1784,11,17,0),(1785,5,17,0),(1786,4,17,0),(1787,3,17,0),(1788,2,17,0),(1789,1,17,0),(1790,10,18,0),(1791,9,18,0),(1792,8,18,0),(1793,7,18,0),(1794,6,18,0),(1795,15,18,0),(1796,14,18,0),(1797,13,18,0),(1798,12,18,0),(1799,11,18,0),(1800,5,18,0),(1801,4,18,0),(1802,3,18,0),(1803,2,18,0),(1804,1,18,0),(1805,10,19,0),(1806,9,19,0),(1807,8,19,0),(1808,7,19,0),(1809,6,19,0),(1810,15,19,0),(1811,14,19,0),(1812,13,19,0),(1813,12,19,0),(1814,11,19,0),(1815,5,19,0),(1816,4,19,0),(1817,3,19,0),(1818,2,19,0),(1819,1,19,0),(1820,10,20,0),(1821,9,20,0),(1822,8,20,0),(1823,7,20,0),(1824,6,20,0),(1825,15,20,0),(1826,14,20,0),(1827,13,20,0),(1828,12,20,0),(1829,11,20,0),(1830,5,20,0),(1831,4,20,0),(1832,3,20,0),(1833,2,20,0),(1834,1,20,0),(1835,10,21,0),(1836,9,21,0),(1837,8,21,0),(1838,7,21,0),(1839,6,21,0),(1840,15,21,0),(1841,14,21,0),(1842,13,21,0),(1843,12,21,0),(1844,11,21,0),(1845,5,21,0),(1846,4,21,0),(1847,3,21,0),(1848,2,21,0),(1849,1,21,0),(1850,10,22,0),(1851,9,22,0),(1852,8,22,0),(1853,7,22,0),(1854,6,22,0),(1855,15,22,0),(1856,14,22,0),(1857,13,22,0),(1858,12,22,0),(1859,11,22,0),(1860,5,22,0),(1861,4,22,0),(1862,3,22,0),(1863,2,22,0),(1864,1,22,0),(1865,10,23,0),(1866,9,23,0),(1867,8,23,0),(1868,7,23,0),(1869,6,23,0),(1870,15,23,0),(1871,14,23,0),(1872,13,23,0),(1873,12,23,0),(1874,11,23,0),(1875,5,23,0),(1876,4,23,0),(1877,3,23,0),(1878,2,23,0),(1879,1,23,0),(1880,10,24,0),(1881,9,24,0),(1882,8,24,0),(1883,7,24,0),(1884,6,24,0),(1885,15,24,0),(1886,14,24,0),(1887,13,24,0),(1888,12,24,0),(1889,11,24,0),(1890,5,24,0),(1891,4,24,0),(1892,3,24,0),(1893,2,24,0),(1894,1,24,0),(1895,10,25,0),(1896,9,25,0),(1897,8,25,0),(1898,7,25,0),(1899,6,25,0),(1900,15,25,0),(1901,14,25,0),(1902,13,25,0),(1903,12,25,0),(1904,11,25,0),(1905,5,25,0),(1906,4,25,0),(1907,3,25,0),(1908,2,25,0),(1909,1,25,0),(1910,10,26,0),(1911,9,26,0),(1912,8,26,0),(1913,7,26,0),(1914,6,26,0),(1915,15,26,0),(1916,14,26,0),(1917,13,26,0),(1918,12,26,0),(1919,11,26,0),(1920,5,26,0),(1921,4,26,0),(1922,3,26,0),(1923,2,26,0),(1924,1,26,0),(1925,10,27,0),(1926,9,27,0),(1927,8,27,0),(1928,7,27,0),(1929,6,27,0),(1930,15,27,0),(1931,14,27,0),(1932,13,27,0),(1933,12,27,0),(1934,11,27,0),(1935,5,27,0),(1936,4,27,0),(1937,3,27,0),(1938,2,27,0),(1939,1,27,0),(1940,10,28,0),(1941,9,28,0),(1942,8,28,0),(1943,7,28,0),(1944,6,28,0),(1945,15,28,0),(1946,14,28,0),(1947,13,28,0),(1948,12,28,0),(1949,11,28,0),(1950,5,28,0),(1951,4,28,0),(1952,3,28,0),(1953,2,28,0),(1954,1,28,0),(1955,10,29,0),(1956,9,29,0),(1957,8,29,0),(1958,7,29,0),(1959,6,29,0),(1960,15,29,0),(1961,14,29,0),(1962,13,29,0),(1963,12,29,0),(1964,11,29,0),(1965,5,29,0),(1966,4,29,0),(1967,3,29,0),(1968,2,29,0),(1969,1,29,0),(1970,10,30,0),(1971,9,30,0),(1972,8,30,0),(1973,7,30,0),(1974,6,30,0),(1975,15,30,0),(1976,14,30,0),(1977,13,30,0),(1978,12,30,0),(1979,11,30,0),(1980,5,30,0),(1981,4,30,0),(1982,3,30,0),(1983,2,30,0),(1984,1,30,0),(1985,10,31,0),(1986,9,31,0),(1987,8,31,0),(1988,7,31,0),(1989,6,31,0),(1990,15,31,0),(1991,14,31,0),(1992,13,31,0),(1993,12,31,0),(1994,11,31,0),(1995,5,31,0),(1996,4,31,0),(1997,3,31,0),(1998,2,31,0),(1999,1,31,0),(2000,10,32,0),(2001,9,32,0),(2002,8,32,0),(2003,7,32,0),(2004,6,32,0),(2005,15,32,0),(2006,14,32,0),(2007,13,32,0),(2008,12,32,0),(2009,11,32,0),(2010,5,32,0),(2011,4,32,0),(2012,3,32,0),(2013,2,32,0),(2014,1,32,0),(2015,10,33,0),(2016,9,33,0),(2017,8,33,0),(2018,7,33,0),(2019,6,33,0),(2020,15,33,0),(2021,14,33,0),(2022,13,33,0),(2023,12,33,0),(2024,11,33,0),(2025,5,33,0),(2026,4,33,0),(2027,3,33,0),(2028,2,33,0),(2029,1,33,0),(2030,10,34,0),(2031,9,34,0),(2032,8,34,0),(2033,7,34,0),(2034,6,34,0),(2035,15,34,0),(2036,14,34,0),(2037,13,34,0),(2038,12,34,0),(2039,11,34,0),(2040,5,34,0),(2041,4,34,0),(2042,3,34,0),(2043,2,34,0),(2044,1,34,0),(2045,10,35,0),(2046,9,35,0),(2047,8,35,0),(2048,7,35,0),(2049,6,35,0),(2050,15,35,0),(2051,14,35,0),(2052,13,35,0),(2053,12,35,0),(2054,11,35,0),(2055,5,35,0),(2056,4,35,0),(2057,3,35,0),(2058,2,35,0),(2059,1,35,0),(2060,10,36,0),(2061,9,36,0),(2062,8,36,0),(2063,7,36,0),(2064,6,36,0),(2065,15,36,0),(2066,14,36,0),(2067,13,36,0),(2068,12,36,0),(2069,11,36,0),(2070,5,36,0),(2071,4,36,0),(2072,3,36,0),(2073,2,36,0),(2074,1,36,0),(2075,10,37,0),(2076,9,37,0),(2077,8,37,0),(2078,7,37,0),(2079,6,37,0),(2080,15,37,0),(2081,14,37,0),(2082,13,37,0),(2083,12,37,0),(2084,11,37,0),(2085,5,37,0),(2086,4,37,0),(2087,3,37,0),(2088,2,37,0),(2089,1,37,0),(2090,10,38,0),(2091,9,38,0),(2092,8,38,0),(2093,7,38,0),(2094,6,38,0),(2095,15,38,0),(2096,14,38,0),(2097,13,38,0),(2098,12,38,0),(2099,11,38,0),(2100,5,38,0),(2101,4,38,0),(2102,3,38,0),(2103,2,38,0),(2104,1,38,0),(2105,10,39,0),(2106,9,39,0),(2107,8,39,0),(2108,7,39,0),(2109,6,39,0),(2110,15,39,0),(2111,14,39,0),(2112,13,39,0),(2113,12,39,0),(2114,11,39,0),(2115,5,39,0),(2116,4,39,0),(2117,3,39,0),(2118,2,39,0),(2119,1,39,0),(2120,10,40,0),(2121,9,40,0),(2122,8,40,0),(2123,7,40,0),(2124,6,40,0),(2125,15,40,0),(2126,14,40,0),(2127,13,40,0),(2128,12,40,0),(2129,11,40,0),(2130,5,40,0),(2131,4,40,0),(2132,3,40,0),(2133,2,40,0),(2134,1,40,0),(2135,10,41,0),(2136,9,41,0),(2137,8,41,0),(2138,7,41,0),(2139,6,41,0),(2140,15,41,0),(2141,14,41,0),(2142,13,41,0),(2143,12,41,0),(2144,11,41,0),(2145,5,41,0),(2146,4,41,0),(2147,3,41,0),(2148,2,41,0),(2149,1,41,0),(2150,10,42,0),(2151,9,42,0),(2152,8,42,0),(2153,7,42,0),(2154,6,42,0),(2155,15,42,0),(2156,14,42,0),(2157,13,42,0),(2158,12,42,0),(2159,11,42,0),(2160,5,42,0),(2161,4,42,0),(2162,3,42,0),(2163,2,42,0),(2164,1,42,0),(2165,10,43,0),(2166,9,43,0),(2167,8,43,0),(2168,7,43,0),(2169,6,43,0),(2170,15,43,0),(2171,14,43,0),(2172,13,43,0),(2173,12,43,0),(2174,11,43,0),(2175,5,43,0),(2176,4,43,0),(2177,3,43,0),(2178,2,43,0),(2179,1,43,0),(2180,10,44,0),(2181,9,44,0),(2182,8,44,0),(2183,7,44,0),(2184,6,44,0),(2185,15,44,0),(2186,14,44,0),(2187,13,44,0),(2188,12,44,0),(2189,11,44,0),(2190,5,44,0),(2191,4,44,0),(2192,3,44,0),(2193,2,44,0),(2194,1,44,0),(2195,10,45,0),(2196,9,45,0),(2197,8,45,0),(2198,7,45,0),(2199,6,45,0),(2200,15,45,0),(2201,14,45,0),(2202,13,45,0),(2203,12,45,0),(2204,11,45,0),(2205,5,45,0),(2206,4,45,0),(2207,3,45,0),(2208,2,45,0),(2209,1,45,0),(2210,10,46,0),(2211,9,46,0),(2212,8,46,0),(2213,7,46,0),(2214,6,46,0),(2215,15,46,0),(2216,14,46,0),(2217,13,46,0),(2218,12,46,0),(2219,11,46,0),(2220,5,46,0),(2221,4,46,0),(2222,3,46,0),(2223,2,46,0),(2224,1,46,0),(2225,10,47,0),(2226,9,47,0),(2227,8,47,0),(2228,7,47,0),(2229,6,47,0),(2230,15,47,0),(2231,14,47,0),(2232,13,47,0),(2233,12,47,0),(2234,11,47,0),(2235,5,47,0),(2236,4,47,0),(2237,3,47,0),(2238,2,47,0),(2239,1,47,0),(2240,10,48,0),(2241,9,48,0),(2242,8,48,0),(2243,7,48,0),(2244,6,48,0),(2245,15,48,0),(2246,14,48,0),(2247,13,48,0),(2248,12,48,0),(2249,11,48,0),(2250,5,48,0),(2251,4,48,0),(2252,3,48,0),(2253,2,48,0),(2254,1,48,0),(2255,10,49,0),(2256,9,49,0),(2257,8,49,0),(2258,7,49,0),(2259,6,49,0),(2260,15,49,0),(2261,14,49,0),(2262,13,49,0),(2263,12,49,0),(2264,11,49,0),(2265,5,49,0),(2266,4,49,0),(2267,3,49,0),(2268,2,49,0),(2269,1,49,0),(2270,10,50,0),(2271,9,50,0),(2272,8,50,0),(2273,7,50,0),(2274,6,50,0),(2275,15,50,0),(2276,14,50,0),(2277,13,50,0),(2278,12,50,0),(2279,11,50,0),(2280,5,50,0),(2281,4,50,0),(2282,3,50,0),(2283,2,50,0),(2284,1,50,0),(2285,10,51,0),(2286,9,51,0),(2287,8,51,0),(2288,7,51,0),(2289,6,51,0),(2290,15,51,0),(2291,14,51,0),(2292,13,51,0),(2293,12,51,0),(2294,11,51,0),(2295,5,51,0),(2296,4,51,0),(2297,3,51,0),(2298,2,51,0),(2299,1,51,0),(2300,10,52,0),(2301,9,52,0),(2302,8,52,0),(2303,7,52,0),(2304,6,52,0),(2305,15,52,0),(2306,14,52,0),(2307,13,52,0),(2308,12,52,0),(2309,11,52,0),(2310,5,52,0),(2311,4,52,0),(2312,3,52,0),(2313,2,52,0),(2314,1,52,0),(2315,10,53,0),(2316,9,53,0),(2317,8,53,0),(2318,7,53,0),(2319,6,53,0),(2320,15,53,0),(2321,14,53,0),(2322,13,53,0),(2323,12,53,0),(2324,11,53,0),(2325,5,53,0),(2326,4,53,0),(2327,3,53,0),(2328,2,53,0),(2329,1,53,0),(2330,10,54,0),(2331,9,54,0),(2332,8,54,0),(2333,7,54,0),(2334,6,54,0),(2335,15,54,0),(2336,14,54,0),(2337,13,54,0),(2338,12,54,0),(2339,11,54,0),(2340,5,54,0),(2341,4,54,0),(2342,3,54,0),(2343,2,54,0),(2344,1,54,0),(2345,10,55,0),(2346,9,55,0),(2347,8,55,0),(2348,7,55,0),(2349,6,55,0),(2350,15,55,0),(2351,14,55,0),(2352,13,55,0),(2353,12,55,0),(2354,11,55,0),(2355,5,55,0),(2356,4,55,0),(2357,3,55,0),(2358,2,55,0),(2359,1,55,0),(2360,10,56,0),(2361,9,56,0),(2362,8,56,0),(2363,7,56,0),(2364,6,56,0),(2365,15,56,0),(2366,14,56,0),(2367,13,56,0),(2368,12,56,0),(2369,11,56,0),(2370,5,56,0),(2371,4,56,0),(2372,3,56,0),(2373,2,56,0),(2374,1,56,0),(2375,10,57,0),(2376,9,57,0),(2377,8,57,0),(2378,7,57,0),(2379,6,57,0),(2380,15,57,0),(2381,14,57,0),(2382,13,57,0),(2383,12,57,0),(2384,11,57,0),(2385,5,57,0),(2386,4,57,0),(2387,3,57,0),(2388,2,57,0),(2389,1,57,0),(2390,10,58,0),(2391,9,58,0),(2392,8,58,0),(2393,7,58,0),(2394,6,58,0),(2395,15,58,0),(2396,14,58,0),(2397,13,58,0),(2398,12,58,0),(2399,11,58,0),(2400,5,58,0),(2401,4,58,0),(2402,3,58,0),(2403,2,58,0),(2404,1,58,0),(2405,10,59,0),(2406,9,59,0),(2407,8,59,0),(2408,7,59,0),(2409,6,59,0),(2410,15,59,0),(2411,14,59,0),(2412,13,59,0),(2413,12,59,0),(2414,11,59,0),(2415,5,59,0),(2416,4,59,0),(2417,3,59,0),(2418,2,59,0),(2419,1,59,0),(2420,10,60,0),(2421,9,60,0),(2422,8,60,0),(2423,7,60,0),(2424,6,60,0),(2425,15,60,0),(2426,14,60,0),(2427,13,60,0),(2428,12,60,0),(2429,11,60,0),(2430,5,60,0),(2431,4,60,0),(2432,3,60,0),(2433,2,60,0),(2434,1,60,0),(2558,20,1,0),(2559,19,1,0),(2560,18,1,0),(2561,17,1,0),(2562,16,1,0),(2563,10,1,0),(2564,9,1,0),(2565,8,1,0),(2566,7,1,0),(2567,6,1,0),(2568,15,1,0),(2569,14,1,0),(2570,13,1,0),(2571,12,1,0),(2572,11,1,0),(2573,5,1,0),(2574,4,1,0),(2575,3,1,0),(2576,2,1,0),(2577,1,1,0),(2578,20,2,0),(2579,19,2,0),(2580,18,2,0),(2581,17,2,0),(2582,16,2,0),(2583,10,2,0),(2584,9,2,0),(2585,8,2,0),(2586,7,2,0),(2587,6,2,0),(2588,15,2,0),(2589,14,2,0),(2590,13,2,0),(2591,12,2,0),(2592,11,2,0),(2593,5,2,0),(2594,4,2,0),(2595,3,2,0),(2596,2,2,0),(2597,1,2,0),(2598,20,3,0),(2599,19,3,0),(2600,18,3,0),(2601,17,3,0),(2602,16,3,0),(2603,10,3,0),(2604,9,3,0),(2605,8,3,0),(2606,7,3,0),(2607,6,3,0),(2608,15,3,0),(2609,14,3,0),(2610,13,3,0),(2611,12,3,0),(2612,11,3,0),(2613,5,3,0),(2614,4,3,0),(2615,3,3,0),(2616,2,3,0),(2617,1,3,0),(2618,20,4,0),(2619,19,4,0),(2620,18,4,0),(2621,17,4,0),(2622,16,4,0),(2623,10,4,0),(2624,9,4,0),(2625,8,4,0),(2626,7,4,0),(2627,6,4,0),(2628,15,4,0),(2629,14,4,0),(2630,13,4,0),(2631,12,4,0),(2632,11,4,0),(2633,5,4,0),(2634,4,4,0),(2635,3,4,0),(2636,2,4,0),(2637,1,4,0),(2638,20,5,0),(2639,19,5,0),(2640,18,5,0),(2641,17,5,0),(2642,16,5,0),(2643,10,5,0),(2644,9,5,0),(2645,8,5,0),(2646,7,5,0),(2647,6,5,0),(2648,15,5,0),(2649,14,5,0),(2650,13,5,0),(2651,12,5,0),(2652,11,5,0),(2653,5,5,0),(2654,4,5,0),(2655,3,5,0),(2656,2,5,0),(2657,1,5,0),(2658,20,6,0),(2659,19,6,0),(2660,18,6,0),(2661,17,6,0),(2662,16,6,0),(2663,10,6,0),(2664,9,6,0),(2665,8,6,0),(2666,7,6,0),(2667,6,6,0),(2668,15,6,0),(2669,14,6,0),(2670,13,6,0),(2671,12,6,0),(2672,11,6,0),(2673,5,6,0),(2674,4,6,0),(2675,3,6,0),(2676,2,6,0),(2677,1,6,0),(2678,20,7,0),(2679,19,7,0),(2680,18,7,0),(2681,17,7,0),(2682,16,7,0),(2683,10,7,0),(2684,9,7,0),(2685,8,7,0),(2686,7,7,0),(2687,6,7,0),(2688,15,7,0),(2689,14,7,0),(2690,13,7,0),(2691,12,7,0),(2692,11,7,0),(2693,5,7,0),(2694,4,7,0),(2695,3,7,0),(2696,2,7,0),(2697,1,7,0),(2698,20,8,0),(2699,19,8,0),(2700,18,8,0),(2701,17,8,0),(2702,16,8,0),(2703,10,8,0),(2704,9,8,0),(2705,8,8,0),(2706,7,8,0),(2707,6,8,0),(2708,15,8,0),(2709,14,8,0),(2710,13,8,0),(2711,12,8,0),(2712,11,8,0),(2713,5,8,0),(2714,4,8,0),(2715,3,8,0),(2716,2,8,0),(2717,1,8,0),(2718,20,9,0),(2719,19,9,0),(2720,18,9,0),(2721,17,9,0),(2722,16,9,0),(2723,10,9,0),(2724,9,9,0),(2725,8,9,0),(2726,7,9,0),(2727,6,9,0),(2728,15,9,0),(2729,14,9,0),(2730,13,9,0),(2731,12,9,0),(2732,11,9,0),(2733,5,9,0),(2734,4,9,0),(2735,3,9,0),(2736,2,9,0),(2737,1,9,0),(2738,20,10,0),(2739,19,10,0),(2740,18,10,0),(2741,17,10,0),(2742,16,10,0),(2743,10,10,0),(2744,9,10,0),(2745,8,10,0),(2746,7,10,0),(2747,6,10,0),(2748,15,10,0),(2749,14,10,0),(2750,13,10,0),(2751,12,10,0),(2752,11,10,0),(2753,5,10,0),(2754,4,10,0),(2755,3,10,0),(2756,2,10,0),(2757,1,10,0),(2758,20,11,0),(2759,19,11,0),(2760,18,11,0),(2761,17,11,0),(2762,16,11,0),(2763,10,11,0),(2764,9,11,0),(2765,8,11,0),(2766,7,11,0),(2767,6,11,0),(2768,15,11,0),(2769,14,11,0),(2770,13,11,0),(2771,12,11,0),(2772,11,11,0),(2773,5,11,0),(2774,4,11,0),(2775,3,11,0),(2776,2,11,0),(2777,1,11,0),(2778,20,12,0),(2779,19,12,0),(2780,18,12,0),(2781,17,12,0),(2782,16,12,0),(2783,10,12,0),(2784,9,12,0),(2785,8,12,0),(2786,7,12,0),(2787,6,12,0),(2788,15,12,0),(2789,14,12,0),(2790,13,12,0),(2791,12,12,0),(2792,11,12,0),(2793,5,12,0),(2794,4,12,0),(2795,3,12,0),(2796,2,12,0),(2797,1,12,0),(2798,20,13,0),(2799,19,13,0),(2800,18,13,0),(2801,17,13,0),(2802,16,13,0),(2803,10,13,0),(2804,9,13,0),(2805,8,13,0),(2806,7,13,0),(2807,6,13,0),(2808,15,13,0),(2809,14,13,0),(2810,13,13,0),(2811,12,13,0),(2812,11,13,0),(2813,5,13,0),(2814,4,13,0),(2815,3,13,0),(2816,2,13,0),(2817,1,13,0),(2818,20,14,0),(2819,19,14,0),(2820,18,14,0),(2821,17,14,0),(2822,16,14,0),(2823,10,14,0),(2824,9,14,0),(2825,8,14,0),(2826,7,14,0),(2827,6,14,0),(2828,15,14,0),(2829,14,14,0),(2830,13,14,0),(2831,12,14,0),(2832,11,14,0),(2833,5,14,0),(2834,4,14,0),(2835,3,14,0),(2836,2,14,0),(2837,1,14,0),(2838,20,15,0),(2839,19,15,0),(2840,18,15,0),(2841,17,15,0),(2842,16,15,0),(2843,10,15,0),(2844,9,15,0),(2845,8,15,0),(2846,7,15,0),(2847,6,15,0),(2848,15,15,0),(2849,14,15,0),(2850,13,15,0),(2851,12,15,0),(2852,11,15,0),(2853,5,15,0),(2854,4,15,0),(2855,3,15,0),(2856,2,15,0),(2857,1,15,0),(2858,20,16,0),(2859,19,16,0),(2860,18,16,0),(2861,17,16,0),(2862,16,16,0),(2863,10,16,0),(2864,9,16,0),(2865,8,16,0),(2866,7,16,0),(2867,6,16,0),(2868,15,16,0),(2869,14,16,0),(2870,13,16,0),(2871,12,16,0),(2872,11,16,0),(2873,5,16,0),(2874,4,16,0),(2875,3,16,0),(2876,2,16,0),(2877,1,16,0),(2878,20,17,0),(2879,19,17,0),(2880,18,17,0),(2881,17,17,0),(2882,16,17,0),(2883,10,17,0),(2884,9,17,0),(2885,8,17,0),(2886,7,17,0),(2887,6,17,0),(2888,15,17,0),(2889,14,17,0),(2890,13,17,0),(2891,12,17,0),(2892,11,17,0),(2893,5,17,0),(2894,4,17,0),(2895,3,17,0),(2896,2,17,0),(2897,1,17,0),(2898,20,18,0),(2899,19,18,0),(2900,18,18,0),(2901,17,18,0),(2902,16,18,0),(2903,10,18,0),(2904,9,18,0),(2905,8,18,0),(2906,7,18,0),(2907,6,18,0),(2908,15,18,0),(2909,14,18,0),(2910,13,18,0),(2911,12,18,0),(2912,11,18,0),(2913,5,18,0),(2914,4,18,0),(2915,3,18,0),(2916,2,18,0),(2917,1,18,0),(2918,20,19,0),(2919,19,19,0),(2920,18,19,0),(2921,17,19,0),(2922,16,19,0),(2923,10,19,0),(2924,9,19,0),(2925,8,19,0),(2926,7,19,0),(2927,6,19,0),(2928,15,19,0),(2929,14,19,0),(2930,13,19,0),(2931,12,19,0),(2932,11,19,0),(2933,5,19,0),(2934,4,19,0),(2935,3,19,0),(2936,2,19,0),(2937,1,19,0),(2938,20,20,0),(2939,19,20,0),(2940,18,20,0),(2941,17,20,0),(2942,16,20,0),(2943,10,20,0),(2944,9,20,0),(2945,8,20,0),(2946,7,20,0),(2947,6,20,0),(2948,15,20,0),(2949,14,20,0),(2950,13,20,0),(2951,12,20,0),(2952,11,20,0),(2953,5,20,0),(2954,4,20,0),(2955,3,20,0),(2956,2,20,0),(2957,1,20,0),(2958,20,21,0),(2959,19,21,0),(2960,18,21,0),(2961,17,21,0),(2962,16,21,0),(2963,10,21,0),(2964,9,21,0),(2965,8,21,0),(2966,7,21,0),(2967,6,21,0),(2968,15,21,0),(2969,14,21,0),(2970,13,21,0),(2971,12,21,0),(2972,11,21,0),(2973,5,21,0),(2974,4,21,0),(2975,3,21,0),(2976,2,21,0),(2977,1,21,0),(2978,20,22,0),(2979,19,22,0),(2980,18,22,0),(2981,17,22,0),(2982,16,22,0),(2983,10,22,0),(2984,9,22,0),(2985,8,22,0),(2986,7,22,0),(2987,6,22,0),(2988,15,22,0),(2989,14,22,0),(2990,13,22,0),(2991,12,22,0),(2992,11,22,0),(2993,5,22,0),(2994,4,22,0),(2995,3,22,0),(2996,2,22,0),(2997,1,22,0),(2998,20,23,0),(2999,19,23,0),(3000,18,23,0),(3001,17,23,0),(3002,16,23,0),(3003,10,23,0),(3004,9,23,0),(3005,8,23,0),(3006,7,23,0),(3007,6,23,0),(3008,15,23,0),(3009,14,23,0),(3010,13,23,0),(3011,12,23,0),(3012,11,23,0),(3013,5,23,0),(3014,4,23,0),(3015,3,23,0),(3016,2,23,0),(3017,1,23,0),(3018,20,24,0),(3019,19,24,0),(3020,18,24,0),(3021,17,24,0),(3022,16,24,0),(3023,10,24,0),(3024,9,24,0),(3025,8,24,0),(3026,7,24,0),(3027,6,24,0),(3028,15,24,0),(3029,14,24,0),(3030,13,24,0),(3031,12,24,0),(3032,11,24,0),(3033,5,24,0),(3034,4,24,0),(3035,3,24,0),(3036,2,24,0),(3037,1,24,0),(3038,20,25,0),(3039,19,25,0),(3040,18,25,0),(3041,17,25,0),(3042,16,25,0),(3043,10,25,0),(3044,9,25,0),(3045,8,25,0),(3046,7,25,0),(3047,6,25,0),(3048,15,25,0),(3049,14,25,0),(3050,13,25,0),(3051,12,25,0),(3052,11,25,0),(3053,5,25,0),(3054,4,25,0),(3055,3,25,0),(3056,2,25,0),(3057,1,25,0),(3058,20,26,0),(3059,19,26,0),(3060,18,26,0),(3061,17,26,0),(3062,16,26,0),(3063,10,26,0),(3064,9,26,0),(3065,8,26,0),(3066,7,26,0),(3067,6,26,0),(3068,15,26,0),(3069,14,26,0),(3070,13,26,0),(3071,12,26,0),(3072,11,26,0),(3073,5,26,0),(3074,4,26,0),(3075,3,26,0),(3076,2,26,0),(3077,1,26,0),(3078,20,27,0),(3079,19,27,0),(3080,18,27,0),(3081,17,27,0),(3082,16,27,0),(3083,10,27,0),(3084,9,27,0),(3085,8,27,0),(3086,7,27,0),(3087,6,27,0),(3088,15,27,0),(3089,14,27,0),(3090,13,27,0),(3091,12,27,0),(3092,11,27,0),(3093,5,27,0),(3094,4,27,0),(3095,3,27,0),(3096,2,27,0),(3097,1,27,0),(3098,20,28,0),(3099,19,28,0),(3100,18,28,0),(3101,17,28,0),(3102,16,28,0),(3103,10,28,0),(3104,9,28,0),(3105,8,28,0),(3106,7,28,0),(3107,6,28,0),(3108,15,28,0),(3109,14,28,0),(3110,13,28,0),(3111,12,28,0),(3112,11,28,0),(3113,5,28,0),(3114,4,28,0),(3115,3,28,0),(3116,2,28,0),(3117,1,28,0),(3118,20,29,0),(3119,19,29,0),(3120,18,29,0),(3121,17,29,0),(3122,16,29,0),(3123,10,29,0),(3124,9,29,0),(3125,8,29,0),(3126,7,29,0),(3127,6,29,0),(3128,15,29,0),(3129,14,29,0),(3130,13,29,0),(3131,12,29,0),(3132,11,29,0),(3133,5,29,0),(3134,4,29,0),(3135,3,29,0),(3136,2,29,0),(3137,1,29,0),(3138,20,30,0),(3139,19,30,0),(3140,18,30,0),(3141,17,30,0),(3142,16,30,0),(3143,10,30,0),(3144,9,30,0),(3145,8,30,0),(3146,7,30,0),(3147,6,30,0),(3148,15,30,0),(3149,14,30,0),(3150,13,30,0),(3151,12,30,0),(3152,11,30,0),(3153,5,30,0),(3154,4,30,0),(3155,3,30,0),(3156,2,30,0),(3157,1,30,0),(3158,20,31,0),(3159,19,31,0),(3160,18,31,0),(3161,17,31,0),(3162,16,31,0),(3163,10,31,0),(3164,9,31,0),(3165,8,31,0),(3166,7,31,0),(3167,6,31,0),(3168,15,31,0),(3169,14,31,0),(3170,13,31,0),(3171,12,31,0),(3172,11,31,0),(3173,5,31,0),(3174,4,31,0),(3175,3,31,0),(3176,2,31,0),(3177,1,31,0),(3178,20,32,0),(3179,19,32,0),(3180,18,32,0),(3181,17,32,0),(3182,16,32,0),(3183,10,32,0),(3184,9,32,0),(3185,8,32,0),(3186,7,32,0),(3187,6,32,0),(3188,15,32,0),(3189,14,32,0),(3190,13,32,0),(3191,12,32,0),(3192,11,32,0),(3193,5,32,0),(3194,4,32,0),(3195,3,32,0),(3196,2,32,0),(3197,1,32,0),(3198,20,33,0),(3199,19,33,0),(3200,18,33,0),(3201,17,33,0),(3202,16,33,0),(3203,10,33,0),(3204,9,33,0),(3205,8,33,0),(3206,7,33,0),(3207,6,33,0),(3208,15,33,0),(3209,14,33,0),(3210,13,33,0),(3211,12,33,0),(3212,11,33,0),(3213,5,33,0),(3214,4,33,0),(3215,3,33,0),(3216,2,33,0),(3217,1,33,0),(3218,20,34,0),(3219,19,34,0),(3220,18,34,0),(3221,17,34,0),(3222,16,34,0),(3223,10,34,0),(3224,9,34,0),(3225,8,34,0),(3226,7,34,0),(3227,6,34,0),(3228,15,34,0),(3229,14,34,0),(3230,13,34,0),(3231,12,34,0),(3232,11,34,0),(3233,5,34,0),(3234,4,34,0),(3235,3,34,0),(3236,2,34,0),(3237,1,34,0),(3238,20,35,0),(3239,19,35,0),(3240,18,35,0),(3241,17,35,0),(3242,16,35,0),(3243,10,35,0),(3244,9,35,0),(3245,8,35,0),(3246,7,35,0),(3247,6,35,0),(3248,15,35,0),(3249,14,35,0),(3250,13,35,0),(3251,12,35,0),(3252,11,35,0),(3253,5,35,0),(3254,4,35,0),(3255,3,35,0),(3256,2,35,0),(3257,1,35,0),(3258,20,36,0),(3259,19,36,0),(3260,18,36,0),(3261,17,36,0),(3262,16,36,0),(3263,10,36,0),(3264,9,36,0),(3265,8,36,0),(3266,7,36,0),(3267,6,36,0),(3268,15,36,0),(3269,14,36,0),(3270,13,36,0),(3271,12,36,0),(3272,11,36,0),(3273,5,36,0),(3274,4,36,0),(3275,3,36,0),(3276,2,36,0),(3277,1,36,0),(3278,20,37,0),(3279,19,37,0),(3280,18,37,0),(3281,17,37,0),(3282,16,37,0),(3283,10,37,0),(3284,9,37,0),(3285,8,37,0),(3286,7,37,0),(3287,6,37,0),(3288,15,37,0),(3289,14,37,0),(3290,13,37,0),(3291,12,37,0),(3292,11,37,0),(3293,5,37,0),(3294,4,37,0),(3295,3,37,0),(3296,2,37,0),(3297,1,37,0),(3298,20,38,0),(3299,19,38,0),(3300,18,38,0),(3301,17,38,0),(3302,16,38,0),(3303,10,38,0),(3304,9,38,0),(3305,8,38,0),(3306,7,38,0),(3307,6,38,0),(3308,15,38,0),(3309,14,38,0),(3310,13,38,0),(3311,12,38,0),(3312,11,38,0),(3313,5,38,0),(3314,4,38,0),(3315,3,38,0),(3316,2,38,0),(3317,1,38,0),(3318,20,39,0),(3319,19,39,0),(3320,18,39,0),(3321,17,39,0),(3322,16,39,0),(3323,10,39,0),(3324,9,39,0),(3325,8,39,0),(3326,7,39,0),(3327,6,39,0),(3328,15,39,0),(3329,14,39,0),(3330,13,39,0),(3331,12,39,0),(3332,11,39,0),(3333,5,39,0),(3334,4,39,0),(3335,3,39,0),(3336,2,39,0),(3337,1,39,0),(3338,20,40,0),(3339,19,40,0),(3340,18,40,0),(3341,17,40,0),(3342,16,40,0),(3343,10,40,0),(3344,9,40,0),(3345,8,40,0),(3346,7,40,0),(3347,6,40,0),(3348,15,40,0),(3349,14,40,0),(3350,13,40,0),(3351,12,40,0),(3352,11,40,0),(3353,5,40,0),(3354,4,40,0),(3355,3,40,0),(3356,2,40,0),(3357,1,40,0),(3358,20,41,0),(3359,19,41,0),(3360,18,41,0),(3361,17,41,0),(3362,16,41,0),(3363,10,41,0),(3364,9,41,0),(3365,8,41,0),(3366,7,41,0),(3367,6,41,0),(3368,15,41,0),(3369,14,41,0),(3370,13,41,0),(3371,12,41,0),(3372,11,41,0),(3373,5,41,0),(3374,4,41,0),(3375,3,41,0),(3376,2,41,0),(3377,1,41,0),(3378,20,42,0),(3379,19,42,0),(3380,18,42,0),(3381,17,42,0),(3382,16,42,0),(3383,10,42,0),(3384,9,42,0),(3385,8,42,0),(3386,7,42,0),(3387,6,42,0),(3388,15,42,0),(3389,14,42,0),(3390,13,42,0),(3391,12,42,0),(3392,11,42,0),(3393,5,42,0),(3394,4,42,0),(3395,3,42,0),(3396,2,42,0),(3397,1,42,0),(3398,20,43,0),(3399,19,43,0),(3400,18,43,0),(3401,17,43,0),(3402,16,43,0),(3403,10,43,0),(3404,9,43,0),(3405,8,43,0),(3406,7,43,0),(3407,6,43,0),(3408,15,43,0),(3409,14,43,0),(3410,13,43,0),(3411,12,43,0),(3412,11,43,0),(3413,5,43,0),(3414,4,43,0),(3415,3,43,0),(3416,2,43,0),(3417,1,43,0),(3418,20,44,0),(3419,19,44,0),(3420,18,44,0),(3421,17,44,0),(3422,16,44,0),(3423,10,44,0),(3424,9,44,0),(3425,8,44,0),(3426,7,44,0),(3427,6,44,0),(3428,15,44,0),(3429,14,44,0),(3430,13,44,0),(3431,12,44,0),(3432,11,44,0),(3433,5,44,0),(3434,4,44,0),(3435,3,44,0),(3436,2,44,0),(3437,1,44,0),(3438,20,45,0),(3439,19,45,0),(3440,18,45,0),(3441,17,45,0),(3442,16,45,0),(3443,10,45,0),(3444,9,45,0),(3445,8,45,0),(3446,7,45,0),(3447,6,45,0),(3448,15,45,0),(3449,14,45,0),(3450,13,45,0),(3451,12,45,0),(3452,11,45,0),(3453,5,45,0),(3454,4,45,0),(3455,3,45,0),(3456,2,45,0),(3457,1,45,0),(3458,20,46,0),(3459,19,46,0),(3460,18,46,0),(3461,17,46,0),(3462,16,46,0),(3463,10,46,0),(3464,9,46,0),(3465,8,46,0),(3466,7,46,0),(3467,6,46,0),(3468,15,46,0),(3469,14,46,0),(3470,13,46,0),(3471,12,46,0),(3472,11,46,0),(3473,5,46,0),(3474,4,46,0),(3475,3,46,0),(3476,2,46,0),(3477,1,46,0),(3478,20,47,0),(3479,19,47,0),(3480,18,47,0),(3481,17,47,0),(3482,16,47,0),(3483,10,47,0),(3484,9,47,0),(3485,8,47,0),(3486,7,47,0),(3487,6,47,0),(3488,15,47,0),(3489,14,47,0),(3490,13,47,0),(3491,12,47,0),(3492,11,47,0),(3493,5,47,0),(3494,4,47,0),(3495,3,47,0),(3496,2,47,0),(3497,1,47,0),(3498,20,48,0),(3499,19,48,0),(3500,18,48,0),(3501,17,48,0),(3502,16,48,0),(3503,10,48,0),(3504,9,48,0),(3505,8,48,0),(3506,7,48,0),(3507,6,48,0),(3508,15,48,0),(3509,14,48,0),(3510,13,48,0),(3511,12,48,0),(3512,11,48,0),(3513,5,48,0),(3514,4,48,0),(3515,3,48,0),(3516,2,48,0),(3517,1,48,0),(3518,20,49,0),(3519,19,49,0),(3520,18,49,0),(3521,17,49,0),(3522,16,49,0),(3523,10,49,0),(3524,9,49,0),(3525,8,49,0),(3526,7,49,0),(3527,6,49,0),(3528,15,49,0),(3529,14,49,0),(3530,13,49,0),(3531,12,49,0),(3532,11,49,0),(3533,5,49,0),(3534,4,49,0),(3535,3,49,0),(3536,2,49,0),(3537,1,49,0),(3538,20,50,0),(3539,19,50,0),(3540,18,50,0),(3541,17,50,0),(3542,16,50,0),(3543,10,50,0),(3544,9,50,0),(3545,8,50,0),(3546,7,50,0),(3547,6,50,0),(3548,15,50,0),(3549,14,50,0),(3550,13,50,0),(3551,12,50,0),(3552,11,50,0),(3553,5,50,0),(3554,4,50,0),(3555,3,50,0),(3556,2,50,0),(3557,1,50,0),(3558,20,51,0),(3559,19,51,0),(3560,18,51,0),(3561,17,51,0),(3562,16,51,0),(3563,10,51,0),(3564,9,51,0),(3565,8,51,0),(3566,7,51,0),(3567,6,51,0),(3568,15,51,0),(3569,14,51,0),(3570,13,51,0),(3571,12,51,0),(3572,11,51,0),(3573,5,51,0),(3574,4,51,0),(3575,3,51,0),(3576,2,51,0),(3577,1,51,0),(3578,20,52,0),(3579,19,52,0),(3580,18,52,0),(3581,17,52,0),(3582,16,52,0),(3583,10,52,0),(3584,9,52,0),(3585,8,52,0),(3586,7,52,0),(3587,6,52,0),(3588,15,52,0),(3589,14,52,0),(3590,13,52,0),(3591,12,52,0),(3592,11,52,0),(3593,5,52,0),(3594,4,52,0),(3595,3,52,0),(3596,2,52,0),(3597,1,52,0),(3598,20,53,0),(3599,19,53,0),(3600,18,53,0),(3601,17,53,0),(3602,16,53,0),(3603,10,53,0),(3604,9,53,0),(3605,8,53,0),(3606,7,53,0),(3607,6,53,0),(3608,15,53,0),(3609,14,53,0),(3610,13,53,0),(3611,12,53,0),(3612,11,53,0),(3613,5,53,0),(3614,4,53,0),(3615,3,53,0),(3616,2,53,0),(3617,1,53,0),(3618,20,54,0),(3619,19,54,0),(3620,18,54,0),(3621,17,54,0),(3622,16,54,0),(3623,10,54,0),(3624,9,54,0),(3625,8,54,0),(3626,7,54,0),(3627,6,54,0),(3628,15,54,0),(3629,14,54,0),(3630,13,54,0),(3631,12,54,0),(3632,11,54,0),(3633,5,54,0),(3634,4,54,0),(3635,3,54,0),(3636,2,54,0),(3637,1,54,0),(3638,20,55,0),(3639,19,55,0),(3640,18,55,0),(3641,17,55,0),(3642,16,55,0),(3643,10,55,0),(3644,9,55,0),(3645,8,55,0),(3646,7,55,0),(3647,6,55,0),(3648,15,55,0),(3649,14,55,0),(3650,13,55,0),(3651,12,55,0),(3652,11,55,0),(3653,5,55,0),(3654,4,55,0),(3655,3,55,0),(3656,2,55,0),(3657,1,55,0),(3658,20,56,0),(3659,19,56,0),(3660,18,56,0),(3661,17,56,0),(3662,16,56,0),(3663,10,56,0),(3664,9,56,0),(3665,8,56,0),(3666,7,56,0),(3667,6,56,0),(3668,15,56,0),(3669,14,56,0),(3670,13,56,0),(3671,12,56,0),(3672,11,56,0),(3673,5,56,0),(3674,4,56,0),(3675,3,56,0),(3676,2,56,0),(3677,1,56,0),(3678,20,57,0),(3679,19,57,0),(3680,18,57,0),(3681,17,57,0),(3682,16,57,0),(3683,10,57,0),(3684,9,57,0),(3685,8,57,0),(3686,7,57,0),(3687,6,57,0),(3688,15,57,0),(3689,14,57,0),(3690,13,57,0),(3691,12,57,0),(3692,11,57,0),(3693,5,57,0),(3694,4,57,0),(3695,3,57,0),(3696,2,57,0),(3697,1,57,0),(3698,20,58,0),(3699,19,58,0),(3700,18,58,0),(3701,17,58,0),(3702,16,58,0),(3703,10,58,0),(3704,9,58,0),(3705,8,58,0),(3706,7,58,0),(3707,6,58,0),(3708,15,58,0),(3709,14,58,0),(3710,13,58,0),(3711,12,58,0),(3712,11,58,0),(3713,5,58,0),(3714,4,58,0),(3715,3,58,0),(3716,2,58,0),(3717,1,58,0),(3718,20,59,0),(3719,19,59,0),(3720,18,59,0),(3721,17,59,0),(3722,16,59,0),(3723,10,59,0),(3724,9,59,0),(3725,8,59,0),(3726,7,59,0),(3727,6,59,0),(3728,15,59,0),(3729,14,59,0),(3730,13,59,0),(3731,12,59,0),(3732,11,59,0),(3733,5,59,0),(3734,4,59,0),(3735,3,59,0),(3736,2,59,0),(3737,1,59,0),(3738,20,60,0),(3739,19,60,0),(3740,18,60,0),(3741,17,60,0),(3742,16,60,0),(3743,10,60,0),(3744,9,60,0),(3745,8,60,0),(3746,7,60,0),(3747,6,60,0),(3748,15,60,0),(3749,14,60,0),(3750,13,60,0),(3751,12,60,0),(3752,11,60,0),(3753,5,60,0),(3754,4,60,0),(3755,3,60,0),(3756,2,60,0),(3757,1,60,0);
/*!40000 ALTER TABLE `seat` ENABLE KEYS */;
UNLOCK TABLES;

--
-- Table structure for table `showtime`
--

DROP TABLE IF EXISTS `showtime`;
/*!40101 SET @saved_cs_client     = @@character_set_client */;
/*!50503 SET character_set_client = utf8mb4 */;
CREATE TABLE `showtime` (
  `ShowtimeID` int NOT NULL AUTO_INCREMENT,
  `MovieID` int DEFAULT NULL,
  `RoomID` int DEFAULT NULL,
  `ShowtimeDateTime` datetime DEFAULT NULL,
  PRIMARY KEY (`ShowtimeID`),
  KEY `MovieID` (`MovieID`),
  KEY `RoomID` (`RoomID`),
  CONSTRAINT `showtime_ibfk_1` FOREIGN KEY (`MovieID`) REFERENCES `movie` (`MovieID`),
  CONSTRAINT `showtime_ibfk_2` FOREIGN KEY (`RoomID`) REFERENCES `room` (`RoomID`)
) ENGINE=InnoDB AUTO_INCREMENT=5 DEFAULT CHARSET=utf8mb4 COLLATE=utf8mb4_0900_ai_ci;
/*!40101 SET character_set_client = @saved_cs_client */;

--
-- Dumping data for table `showtime`
--

LOCK TABLES `showtime` WRITE;
/*!40000 ALTER TABLE `showtime` DISABLE KEYS */;
INSERT INTO `showtime` VALUES (1,1,1,'2023-09-24 13:00:00'),(2,1,2,'2023-09-25 13:00:00'),(3,2,1,'2023-09-25 13:00:00'),(4,2,2,'2023-09-26 13:00:00');
/*!40000 ALTER TABLE `showtime` ENABLE KEYS */;
UNLOCK TABLES;

--
-- Table structure for table `ticket`
--

DROP TABLE IF EXISTS `ticket`;
/*!40101 SET @saved_cs_client     = @@character_set_client */;
/*!50503 SET character_set_client = utf8mb4 */;
CREATE TABLE `ticket` (
  `TicketID` int NOT NULL AUTO_INCREMENT,
  `UserID` int DEFAULT NULL,
  `ShowtimeID` int DEFAULT NULL,
  `SeatID` int DEFAULT NULL,
  `PurchaseDateTime` datetime DEFAULT NULL,
  PRIMARY KEY (`TicketID`),
  KEY `UserID` (`UserID`),
  KEY `ShowtimeID` (`ShowtimeID`),
  KEY `SeatID` (`SeatID`),
  CONSTRAINT `ticket_ibfk_1` FOREIGN KEY (`UserID`) REFERENCES `user` (`UserID`),
  CONSTRAINT `ticket_ibfk_2` FOREIGN KEY (`ShowtimeID`) REFERENCES `showtime` (`ShowtimeID`),
  CONSTRAINT `ticket_ibfk_3` FOREIGN KEY (`SeatID`) REFERENCES `seat` (`SeatID`)
) ENGINE=InnoDB DEFAULT CHARSET=utf8mb4 COLLATE=utf8mb4_0900_ai_ci;
/*!40101 SET character_set_client = @saved_cs_client */;

--
-- Dumping data for table `ticket`
--

LOCK TABLES `ticket` WRITE;
/*!40000 ALTER TABLE `ticket` DISABLE KEYS */;
/*!40000 ALTER TABLE `ticket` ENABLE KEYS */;
UNLOCK TABLES;

--
-- Table structure for table `user`
--

DROP TABLE IF EXISTS `user`;
/*!40101 SET @saved_cs_client     = @@character_set_client */;
/*!50503 SET character_set_client = utf8mb4 */;
CREATE TABLE `user` (
  `UserID` int NOT NULL AUTO_INCREMENT,
  `Username` varchar(255) NOT NULL,
  `Password` varchar(255) NOT NULL,
  `Email` varchar(255) NOT NULL,
  PRIMARY KEY (`UserID`)
) ENGINE=InnoDB AUTO_INCREMENT=2 DEFAULT CHARSET=utf8mb4 COLLATE=utf8mb4_0900_ai_ci;
/*!40101 SET character_set_client = @saved_cs_client */;

--
-- Dumping data for table `user`
--

LOCK TABLES `user` WRITE;
/*!40000 ALTER TABLE `user` DISABLE KEYS */;
INSERT INTO `user` VALUES (1,'1@1','1@1','1@1');
/*!40000 ALTER TABLE `user` ENABLE KEYS */;
UNLOCK TABLES;
/*!40103 SET TIME_ZONE=@OLD_TIME_ZONE */;

/*!40101 SET SQL_MODE=@OLD_SQL_MODE */;
/*!40014 SET FOREIGN_KEY_CHECKS=@OLD_FOREIGN_KEY_CHECKS */;
/*!40014 SET UNIQUE_CHECKS=@OLD_UNIQUE_CHECKS */;
/*!40101 SET CHARACTER_SET_CLIENT=@OLD_CHARACTER_SET_CLIENT */;
/*!40101 SET CHARACTER_SET_RESULTS=@OLD_CHARACTER_SET_RESULTS */;
/*!40101 SET COLLATION_CONNECTION=@OLD_COLLATION_CONNECTION */;
/*!40111 SET SQL_NOTES=@OLD_SQL_NOTES */;

-- Dump completed on 2023-09-23 21:34:31
